{"mean": {"__ndarray__": [-2.010455623181118, -1.9813808446796746, -1.9522547320302601, -1.9230428775308306, -1.8936959945871157, -1.8641512667358058, -1.8343357566280658, -1.8041662240366714, -1.7735491921300122, -1.742394658158255, -1.7106141738712721, -1.678113639558461, -1.644817534826676, -1.6106713147315628, -1.5756206681010976, -1.5396227344083198, -1.502645797681052, -1.4646608139819721, -1.4256484963358698, -1.3856041854720624, -1.3445288357395897, -1.3024320978418245, -1.2593393637263202, -1.2152716613153263, -1.170221552454132, -1.1241642007620007, -1.0770302489674084, -1.0287291083815229, -0.9791614890861933, -0.9282193187838073, -0.8757854511368749, -0.8217336353528903, -0.7659288932877736, -0.7082285079134218, -0.6484839018999895, -0.5865437790905327, -0.5222590135628972, -0.45548989305952825, -0.3861164360664012, -0.3140525648356226, -0.23926486032995714, -0.16179634161521977, -0.08179505866958033, 0.00045388404432432534, 0.0844960188190263, 0.16968027658158308, 0.25514429670933075, 0.3398207776149875, 0.4224719778035551, 0.501754789909998, 0.576311252237813, 0.6448712566193634, 0.7063490846823627, 0.7599160268440803, 0.805037788847094, 0.8414748313326343, 0.8692522521190962, 0.8886105300903242, 0.8999489171806333, 0.9037707851322476, 0.9006366387117272, 0.8911272024062464, 0.8758166374600481, 0.8552546233411213, 0.8299555148192433, 0.800392765412778, 0.7669970415112475, 0.7301567730986681, 0.6902202041200809, 0.6474982764709908, 0.6022678945997966, 0.5547752760471107, 0.5052392060791628, 0.45385409221885425, 0.40079276619447407, 0.346212159109982, 0.2902998983709368, 0.23331944766846482, 0.1755632905992137, 0.11734971863693146, 0.05898027930095231, 0.0007123466753100761, -0.057235235592654914, -0.11468741636558176, -0.1715199440362996, -0.2276629377788436, -0.28309123191947116, -0.3378036576368539, -0.3918290901184645, -0.4452390045702045, -0.49812602008121015, -0.5505883443316014, -0.6027232603009489, -0.6546186615219627, -0.706347079077857, -0.7579684713174233, -0.8095238279510524, -0.8610291326528206, -0.9124880413798871, -0.9639032286780204], "dtype": "float64", "shape": [100]}, "var": {"__ndarray__": [0.06861886315206789, 0.05967370779958969, 0.051847607484234004, 0.045095710284456914, 0.039366363089655465, 0.034601155917570736, 0.03073719991189705, 0.02770966818860643, 0.025455926480688618, 0.023912785617497434, 0.023018364841277617, 0.022717114537911698, 0.02295787282969286, 0.023697330166015718, 0.02490734421358809, 0.026575701448322775, 0.028710748467574376, 0.03135115480915829, 0.03456863054320536, 0.03845862980176662, 0.04314742692133677, 0.04879832620001423, 0.055617291748482955, 0.06384913101724976, 0.07374781273494335, 0.08558585676279051, 0.09962043205961635, 0.1161040251163854, 0.1352995807015276, 0.1574785684538078, 0.18291715313293722, 0.2118905576068748, 0.24466504081801688, 0.2814867779851369, 0.32256679305911007, 0.36806097985033404, 0.4180442065076555, 0.4724776099779291, 0.5311685805258595, 0.5937237929223045, 0.6594971862022962, 0.7275372469007575, 0.7965413972575259, 0.8648294500426736, 0.9303519954911259, 0.9907512987961447, 1.0434890266703984, 1.0860442503244148, 1.1161662741416123, 1.1321440939514495, 1.1330369761149583, 1.1188095409457253, 1.0903350069658782, 1.0492659608579462, 0.9978079432341858, 0.9384519523545425, 0.8737214652418963, 0.8059726983130968, 0.7372642510445573, 0.6692933165843069, 0.6033845895754499, 0.5405145390566339, 0.48135526438409215, 0.4263259512371107, 0.3756440519840716, 0.3293717444725175, 0.28745568031920143, 0.24975959256234148, 0.2160902050915574, 0.18621729467605164, 0.15988888079111518, 0.1368424863281703, 0.11681330577662408, 0.09953998527002028, 0.0847685873861721, 0.07225336355572409, 0.06173480564129363, 0.05293966758817703, 0.04561729888251875, 0.03953806471366761, 0.03451541816635739, 0.030414672975581425, 0.027143794819878053, 0.024653145908388296, 0.02292513055662937, 0.02196420109513042, 0.021793938004350366, 0.02245756733411497, 0.02401239246925968, 0.02652201811325483, 0.030053775653954062, 0.03467702018238583, 0.04046093081002766, 0.04747415546681566, 0.055785601540563334, 0.06546366993899255, 0.07656818108380037, 0.08914597598979412, 0.10323554841525606, 0.11887197219323298], "dtype": "float64", "shape": [100]}, "x_data": {"__ndarray__": [-0.7914889976487129, -0.639837753278921, -0.9999428125913276, -0.8488337136840801, -0.9266220545914434, -0.9538307026156011, -0.9068698943111646, -0.8272196364784761, -0.801616262884665, -0.7305916329983215, -0.7904027427983527, -0.6573902498016202, -0.8977738751342412, -0.5609412818045273, -0.9863062034010369, -0.6647662449107989, -0.7913475988164365, -0.7206550857771241, -0.9298065307023831, -0.9009492554575607, -0.5996277156622316, -0.5158692121403012, -0.8432879109203786, -0.653838692165343, -0.5618054238519808, -0.5526966682480763, -0.957477894315111, -0.9804726083835589, -0.9150847902177155, -0.5609287482852934, -0.950826583083475, -0.7894461874974739, -0.521055234924749, -0.7334173575134915, -0.6540614430247633, -0.8422421844969685, -0.6567495361592082, -0.5826871640513136, -0.9908558613279042, -0.6249278425275162, -0.5055694555467527, -0.6259171728100803, -0.8597780039677974, -0.6053603357742557, -0.948386996711179, -0.7760532369120474, -0.5457022484534522, -0.8531929258131603, -0.8561123307068257, -0.9349857139408612, 0.5087151310416337, 0.8054759898229509, 0.5952326522000265, 0.6194959967175018, 0.7212079216761522, 0.5240131453026862, 0.7583529224714058, 0.5660278587076146, 0.7651874916064779, 0.8148912620094191, 0.5460504929725216, 0.6863251945188058, 0.8124800709774853, 0.6863806712871062, 0.5224790565257392, 0.7411533826619803, 0.7987075903489049, 0.7317001004262389, 0.925067640195866, 0.7639497682258969, 0.9065308618795476, 0.5618636168658069, 0.5626743562628413, 0.8633260799192857, 0.6789545766434901, 0.5744093887026197, 0.9173788611782152, 0.6564946368854779, 0.83786544641127, 0.8266990934077032, 0.8974877410426144, 0.780652493175024, 0.8379240953123017, 0.6570042538900291, 0.6214675512942618, 0.90314879818823, 0.6926410354420827, 0.9341780212167735, 0.7985486740183017, 0.7797630740941048, 0.5516356878290188, 0.927270166418182, 0.7024604600659732, 0.7602753264742093, 0.6836615612425765, 0.6066621411093625, 0.9065207842530142, 0.7581557690025287, 0.5012916471640215, 0.7777152111293257], "dtype": "float64", "shape": [100]},